date_registered,student_country,Cant,date_registered_m,date_registered_m_n
2022-01-01,EG,11,1,January
2022-01-01,GB,4,1,January
2022-01-01,IN,20,1,January
2022-01-01,NG,4,1,January
2022-01-01,Other,57,1,January
2022-01-01,US,13,1,January
2022-01-02,EG,11,1,January
2022-01-02,GB,5,1,January
2022-01-02,IN,22,1,January
2022-01-02,NG,3,1,January
2022-01-02,Other,82,1,January
2022-01-02,US,17,1,January
2022-01-03,EG,7,1,January
2022-01-03,GB,1,1,January
2022-01-03,IN,28,1,January
2022-01-03,NG,6,1,January
2022-01-03,Other,53,1,January
2022-01-03,US,17,1,January
2022-01-04,EG,9,1,January
2022-01-04,GB,4,1,January
2022-01-04,IN,37,1,January
2022-01-04,NG,5,1,January
2022-01-04,Other,51,1,January
2022-01-04,US,19,1,January
2022-01-05,EG,12,1,January
2022-01-05,GB,3,1,January
2022-01-05,IN,23,1,January
2022-01-05,NG,6,1,January
2022-01-05,Other,57,1,January
2022-01-05,US,21,1,January
2022-01-06,EG,8,1,January
2022-01-06,GB,4,1,January
2022-01-06,IN,25,1,January
2022-01-06,NG,2,1,January
2022-01-06,Other,61,1,January
2022-01-06,US,18,1,January
2022-01-07,EG,19,1,January
2022-01-07,GB,4,1,January
2022-01-07,IN,22,1,January
2022-01-07,NG,4,1,January
2022-01-07,Other,53,1,January
2022-01-07,US,14,1,January
2022-01-08,EG,17,1,January
2022-01-08,GB,5,1,January
2022-01-08,IN,25,1,January
2022-01-08,NG,5,1,January
2022-01-08,Other,36,1,January
2022-01-08,US,9,1,January
2022-01-09,EG,18,1,January
2022-01-09,GB,4,1,January
2022-01-09,IN,22,1,January
2022-01-09,NG,3,1,January
2022-01-09,Other,42,1,January
2022-01-09,US,12,1,January
2022-01-10,EG,8,1,January
2022-01-10,GB,4,1,January
2022-01-10,IN,28,1,January
2022-01-10,NG,7,1,January
2022-01-10,Other,39,1,January
2022-01-10,US,14,1,January
2022-01-11,EG,8,1,January
2022-01-11,GB,6,1,January
2022-01-11,IN,35,1,January
2022-01-11,NG,7,1,January
2022-01-11,Other,53,1,January
2022-01-11,US,15,1,January
2022-01-12,EG,5,1,January
2022-01-12,GB,1,1,January
2022-01-12,IN,32,1,January
2022-01-12,NG,6,1,January
2022-01-12,Other,54,1,January
2022-01-12,US,13,1,January
2022-01-13,EG,10,1,January
2022-01-13,GB,2,1,January
2022-01-13,IN,24,1,January
2022-01-13,NG,4,1,January
2022-01-13,Other,62,1,January
2022-01-13,US,17,1,January
2022-01-14,EG,13,1,January
2022-01-14,GB,3,1,January
2022-01-14,IN,17,1,January
2022-01-14,NG,5,1,January
2022-01-14,Other,92,1,January
2022-01-14,US,13,1,January
2022-01-15,EG,11,1,January
2022-01-15,GB,2,1,January
2022-01-15,IN,22,1,January
2022-01-15,NG,1,1,January
2022-01-15,Other,57,1,January
2022-01-15,US,15,1,January
2022-01-16,EG,7,1,January
2022-01-16,GB,2,1,January
2022-01-16,IN,28,1,January
2022-01-16,NG,4,1,January
2022-01-16,Other,53,1,January
2022-01-16,US,12,1,January
2022-01-17,EG,10,1,January
2022-01-17,GB,5,1,January
2022-01-17,IN,28,1,January
2022-01-17,NG,10,1,January
2022-01-17,Other,53,1,January
2022-01-17,US,19,1,January
2022-01-18,EG,9,1,January
2022-01-18,GB,3,1,January
2022-01-18,IN,16,1,January
2022-01-18,NG,6,1,January
2022-01-18,Other,30,1,January
2022-01-18,US,15,1,January
2022-01-19,EG,7,1,January
2022-01-19,GB,5,1,January
2022-01-19,IN,28,1,January
2022-01-19,NG,1,1,January
2022-01-19,Other,32,1,January
2022-01-19,US,14,1,January
2022-01-20,EG,3,1,January
2022-01-20,GB,4,1,January
2022-01-20,IN,17,1,January
2022-01-20,NG,3,1,January
2022-01-20,Other,51,1,January
2022-01-20,US,21,1,January
2022-01-21,EG,15,1,January
2022-01-21,GB,4,1,January
2022-01-21,IN,14,1,January
2022-01-21,NG,2,1,January
2022-01-21,Other,62,1,January
2022-01-21,US,13,1,January
2022-01-22,EG,8,1,January
2022-01-22,GB,1,1,January
2022-01-22,IN,19,1,January
2022-01-22,NG,1,1,January
2022-01-22,Other,31,1,January
2022-01-22,US,11,1,January
2022-01-23,EG,11,1,January
2022-01-23,GB,2,1,January
2022-01-23,IN,15,1,January
2022-01-23,NG,6,1,January
2022-01-23,Other,55,1,January
2022-01-23,US,8,1,January
2022-01-24,EG,10,1,January
2022-01-24,GB,2,1,January
2022-01-24,IN,20,1,January
2022-01-24,NG,7,1,January
2022-01-24,Other,55,1,January
2022-01-24,US,19,1,January
2022-01-25,EG,5,1,January
2022-01-25,GB,5,1,January
2022-01-25,IN,19,1,January
2022-01-25,NG,4,1,January
2022-01-25,Other,44,1,January
2022-01-25,US,19,1,January
2022-01-26,EG,3,1,January
2022-01-26,GB,4,1,January
2022-01-26,IN,11,1,January
2022-01-26,NG,4,1,January
2022-01-26,Other,52,1,January
2022-01-26,US,19,1,January
2022-01-27,EG,8,1,January
2022-01-27,GB,4,1,January
2022-01-27,IN,22,1,January
2022-01-27,NG,5,1,January
2022-01-27,Other,40,1,January
2022-01-27,US,16,1,January
2022-01-28,EG,6,1,January
2022-01-28,GB,4,1,January
2022-01-28,IN,31,1,January
2022-01-28,NG,11,1,January
2022-01-28,Other,39,1,January
2022-01-28,US,19,1,January
2022-01-29,EG,5,1,January
2022-01-29,IN,24,1,January
2022-01-29,NG,4,1,January
2022-01-29,Other,45,1,January
2022-01-29,US,4,1,January
2022-01-30,EG,3,1,January
2022-01-30,GB,3,1,January
2022-01-30,IN,23,1,January
2022-01-30,NG,7,1,January
2022-01-30,Other,35,1,January
2022-01-30,US,12,1,January
2022-01-31,EG,4,1,January
2022-01-31,GB,5,1,January
2022-01-31,IN,29,1,January
2022-01-31,NG,9,1,January
2022-01-31,Other,58,1,January
2022-01-31,US,16,1,January
2022-02-01,EG,3,2,February
2022-02-01,GB,6,2,February
2022-02-01,IN,24,2,February
2022-02-01,NG,7,2,February
2022-02-01,Other,48,2,February
2022-02-01,US,14,2,February
2022-02-02,EG,1,2,February
2022-02-02,GB,2,2,February
2022-02-02,IN,24,2,February
2022-02-02,NG,9,2,February
2022-02-02,Other,47,2,February
2022-02-02,US,19,2,February
2022-02-03,EG,7,2,February
2022-02-03,GB,4,2,February
2022-02-03,IN,50,2,February
2022-02-03,NG,15,2,February
2022-02-03,Other,68,2,February
2022-02-03,US,32,2,February
2022-02-04,EG,9,2,February
2022-02-04,GB,4,2,February
2022-02-04,IN,27,2,February
2022-02-04,NG,8,2,February
2022-02-04,Other,49,2,February
2022-02-04,US,21,2,February
2022-02-05,EG,7,2,February
2022-02-05,GB,3,2,February
2022-02-05,IN,21,2,February
2022-02-05,NG,6,2,February
2022-02-05,Other,45,2,February
2022-02-05,US,9,2,February
2022-02-06,EG,5,2,February
2022-02-06,GB,4,2,February
2022-02-06,IN,17,2,February
2022-02-06,NG,7,2,February
2022-02-06,Other,44,2,February
2022-02-06,US,15,2,February
2022-02-07,EG,8,2,February
2022-02-07,GB,2,2,February
2022-02-07,IN,21,2,February
2022-02-07,NG,5,2,February
2022-02-07,Other,52,2,February
2022-02-07,US,23,2,February
2022-02-08,EG,8,2,February
2022-02-08,GB,5,2,February
2022-02-08,IN,17,2,February
2022-02-08,NG,5,2,February
2022-02-08,Other,61,2,February
2022-02-08,US,19,2,February
2022-02-09,EG,7,2,February
2022-02-09,GB,7,2,February
2022-02-09,IN,25,2,February
2022-02-09,NG,3,2,February
2022-02-09,Other,53,2,February
2022-02-09,US,11,2,February
2022-02-10,EG,2,2,February
2022-02-10,GB,4,2,February
2022-02-10,IN,20,2,February
2022-02-10,NG,3,2,February
2022-02-10,Other,34,2,February
2022-02-10,US,9,2,February
2022-02-11,EG,7,2,February
2022-02-11,GB,2,2,February
2022-02-11,IN,17,2,February
2022-02-11,NG,4,2,February
2022-02-11,Other,46,2,February
2022-02-11,US,9,2,February
2022-02-12,EG,8,2,February
2022-02-12,GB,3,2,February
2022-02-12,IN,25,2,February
2022-02-12,NG,3,2,February
2022-02-12,Other,25,2,February
2022-02-12,US,12,2,February
2022-02-13,EG,11,2,February
2022-02-13,GB,3,2,February
2022-02-13,IN,20,2,February
2022-02-13,NG,6,2,February
2022-02-13,Other,47,2,February
2022-02-13,US,13,2,February
2022-02-14,EG,7,2,February
2022-02-14,GB,1,2,February
2022-02-14,IN,27,2,February
2022-02-14,NG,3,2,February
2022-02-14,Other,57,2,February
2022-02-14,US,16,2,February
2022-02-15,EG,10,2,February
2022-02-15,GB,1,2,February
2022-02-15,IN,27,2,February
2022-02-15,NG,1,2,February
2022-02-15,Other,57,2,February
2022-02-15,US,11,2,February
2022-02-16,EG,9,2,February
2022-02-16,GB,3,2,February
2022-02-16,IN,23,2,February
2022-02-16,NG,6,2,February
2022-02-16,Other,42,2,February
2022-02-16,US,17,2,February
2022-02-17,EG,10,2,February
2022-02-17,GB,6,2,February
2022-02-17,IN,35,2,February
2022-02-17,NG,4,2,February
2022-02-17,Other,64,2,February
2022-02-17,US,26,2,February
2022-02-18,EG,7,2,February
2022-02-18,GB,4,2,February
2022-02-18,IN,22,2,February
2022-02-18,NG,7,2,February
2022-02-18,Other,63,2,February
2022-02-18,US,17,2,February
2022-02-19,EG,12,2,February
2022-02-19,GB,5,2,February
2022-02-19,IN,15,2,February
2022-02-19,NG,4,2,February
2022-02-19,Other,43,2,February
2022-02-19,US,17,2,February
2022-02-20,EG,12,2,February
2022-02-20,GB,5,2,February
2022-02-20,IN,22,2,February
2022-02-20,NG,6,2,February
2022-02-20,Other,45,2,February
2022-02-20,US,11,2,February
2022-02-21,EG,8,2,February
2022-02-21,GB,4,2,February
2022-02-21,IN,27,2,February
2022-02-21,NG,4,2,February
2022-02-21,Other,81,2,February
2022-02-21,US,19,2,February
2022-02-22,EG,11,2,February
2022-02-22,GB,7,2,February
2022-02-22,IN,25,2,February
2022-02-22,NG,6,2,February
2022-02-22,Other,70,2,February
2022-02-22,US,21,2,February
2022-02-23,EG,8,2,February
2022-02-23,GB,6,2,February
2022-02-23,IN,26,2,February
2022-02-23,NG,3,2,February
2022-02-23,Other,68,2,February
2022-02-23,US,22,2,February
2022-02-24,EG,12,2,February
2022-02-24,GB,11,2,February
2022-02-24,IN,32,2,February
2022-02-24,NG,8,2,February
2022-02-24,Other,63,2,February
2022-02-24,US,15,2,February
2022-02-25,EG,5,2,February
2022-02-25,GB,5,2,February
2022-02-25,IN,15,2,February
2022-02-25,NG,7,2,February
2022-02-25,Other,45,2,February
2022-02-25,US,31,2,February
2022-02-26,EG,9,2,February
2022-02-26,GB,2,2,February
2022-02-26,IN,22,2,February
2022-02-26,NG,7,2,February
2022-02-26,Other,58,2,February
2022-02-26,US,18,2,February
2022-02-27,EG,7,2,February
2022-02-27,GB,6,2,February
2022-02-27,IN,27,2,February
2022-02-27,NG,5,2,February
2022-02-27,Other,54,2,February
2022-02-27,US,15,2,February
2022-02-28,EG,10,2,February
2022-02-28,GB,9,2,February
2022-02-28,IN,21,2,February
2022-02-28,NG,7,2,February
2022-02-28,Other,78,2,February
2022-02-28,US,27,2,February
2022-03-01,EG,4,3,March
2022-03-01,GB,11,3,March
2022-03-01,IN,25,3,March
2022-03-01,NG,5,3,March
2022-03-01,Other,65,3,March
2022-03-01,US,20,3,March
2022-03-02,EG,6,3,March
2022-03-02,GB,5,3,March
2022-03-02,IN,24,3,March
2022-03-02,NG,4,3,March
2022-03-02,Other,58,3,March
2022-03-02,US,20,3,March
2022-03-03,EG,8,3,March
2022-03-03,GB,6,3,March
2022-03-03,IN,9,3,March
2022-03-03,NG,6,3,March
2022-03-03,Other,68,3,March
2022-03-03,US,16,3,March
2022-03-04,EG,8,3,March
2022-03-04,GB,5,3,March
2022-03-04,IN,19,3,March
2022-03-04,NG,12,3,March
2022-03-04,Other,49,3,March
2022-03-04,US,16,3,March
2022-03-05,EG,7,3,March
2022-03-05,GB,8,3,March
2022-03-05,IN,16,3,March
2022-03-05,NG,4,3,March
2022-03-05,Other,43,3,March
2022-03-05,US,11,3,March
2022-03-06,EG,7,3,March
2022-03-06,GB,3,3,March
2022-03-06,IN,24,3,March
2022-03-06,NG,5,3,March
2022-03-06,Other,59,3,March
2022-03-06,US,10,3,March
2022-03-07,EG,9,3,March
2022-03-07,GB,6,3,March
2022-03-07,IN,47,3,March
2022-03-07,NG,15,3,March
2022-03-07,Other,87,3,March
2022-03-07,US,22,3,March
2022-03-08,EG,2,3,March
2022-03-08,GB,8,3,March
2022-03-08,IN,34,3,March
2022-03-08,NG,9,3,March
2022-03-08,Other,76,3,March
2022-03-08,US,22,3,March
2022-03-09,EG,5,3,March
2022-03-09,GB,7,3,March
2022-03-09,IN,17,3,March
2022-03-09,NG,7,3,March
2022-03-09,Other,78,3,March
2022-03-09,US,33,3,March
2022-03-10,EG,5,3,March
2022-03-10,GB,5,3,March
2022-03-10,IN,21,3,March
2022-03-10,NG,2,3,March
2022-03-10,Other,68,3,March
2022-03-10,US,22,3,March
2022-03-11,EG,9,3,March
2022-03-11,GB,7,3,March
2022-03-11,IN,37,3,March
2022-03-11,NG,4,3,March
2022-03-11,Other,71,3,March
2022-03-11,US,22,3,March
2022-03-12,EG,9,3,March
2022-03-12,GB,2,3,March
2022-03-12,IN,40,3,March
2022-03-12,NG,5,3,March
2022-03-12,Other,60,3,March
2022-03-12,US,21,3,March
2022-03-13,EG,8,3,March
2022-03-13,GB,10,3,March
2022-03-13,IN,23,3,March
2022-03-13,NG,6,3,March
2022-03-13,Other,63,3,March
2022-03-13,US,12,3,March
2022-03-14,EG,8,3,March
2022-03-14,GB,6,3,March
2022-03-14,IN,35,3,March
2022-03-14,NG,8,3,March
2022-03-14,Other,79,3,March
2022-03-14,US,16,3,March
2022-03-15,EG,6,3,March
2022-03-15,GB,4,3,March
2022-03-15,IN,30,3,March
2022-03-15,NG,6,3,March
2022-03-15,Other,91,3,March
2022-03-15,US,28,3,March
2022-03-16,EG,8,3,March
2022-03-16,GB,6,3,March
2022-03-16,IN,23,3,March
2022-03-16,NG,2,3,March
2022-03-16,Other,91,3,March
2022-03-16,US,20,3,March
2022-03-17,EG,5,3,March
2022-03-17,GB,6,3,March
2022-03-17,IN,24,3,March
2022-03-17,NG,3,3,March
2022-03-17,Other,84,3,March
2022-03-17,US,10,3,March
2022-03-18,EG,7,3,March
2022-03-18,GB,9,3,March
2022-03-18,IN,20,3,March
2022-03-18,NG,6,3,March
2022-03-18,Other,75,3,March
2022-03-18,US,19,3,March
2022-03-19,EG,3,3,March
2022-03-19,GB,5,3,March
2022-03-19,IN,23,3,March
2022-03-19,NG,3,3,March
2022-03-19,Other,61,3,March
2022-03-19,US,18,3,March
2022-03-20,EG,9,3,March
2022-03-20,GB,5,3,March
2022-03-20,IN,14,3,March
2022-03-20,NG,7,3,March
2022-03-20,Other,62,3,March
2022-03-20,US,12,3,March
2022-03-21,EG,1,3,March
2022-03-21,GB,3,3,March
2022-03-21,IN,24,3,March
2022-03-21,NG,11,3,March
2022-03-21,Other,56,3,March
2022-03-21,US,14,3,March
2022-03-22,EG,7,3,March
2022-03-22,GB,1,3,March
2022-03-22,IN,10,3,March
2022-03-22,NG,8,3,March
2022-03-22,Other,38,3,March
2022-03-22,US,16,3,March
2022-03-23,EG,4,3,March
2022-03-23,GB,1,3,March
2022-03-23,IN,15,3,March
2022-03-23,NG,3,3,March
2022-03-23,Other,33,3,March
2022-03-23,US,15,3,March
2022-03-24,EG,2,3,March
2022-03-24,GB,6,3,March
2022-03-24,IN,19,3,March
2022-03-24,NG,8,3,March
2022-03-24,Other,42,3,March
2022-03-24,US,10,3,March
2022-03-25,EG,6,3,March
2022-03-25,GB,2,3,March
2022-03-25,IN,16,3,March
2022-03-25,NG,7,3,March
2022-03-25,Other,28,3,March
2022-03-25,US,9,3,March
2022-03-26,EG,4,3,March
2022-03-26,GB,1,3,March
2022-03-26,IN,10,3,March
2022-03-26,NG,3,3,March
2022-03-26,Other,30,3,March
2022-03-26,US,10,3,March
2022-03-27,EG,11,3,March
2022-03-27,GB,4,3,March
2022-03-27,IN,10,3,March
2022-03-27,NG,4,3,March
2022-03-27,Other,40,3,March
2022-03-27,US,7,3,March
2022-03-28,EG,8,3,March
2022-03-28,GB,6,3,March
2022-03-28,IN,17,3,March
2022-03-28,NG,2,3,March
2022-03-28,Other,37,3,March
2022-03-28,US,15,3,March
2022-03-29,EG,4,3,March
2022-03-29,GB,4,3,March
2022-03-29,IN,16,3,March
2022-03-29,NG,4,3,March
2022-03-29,Other,44,3,March
2022-03-29,US,13,3,March
2022-03-30,EG,9,3,March
2022-03-30,GB,3,3,March
2022-03-30,IN,24,3,March
2022-03-30,NG,4,3,March
2022-03-30,Other,68,3,March
2022-03-30,US,10,3,March
2022-03-31,EG,3,3,March
2022-03-31,GB,1,3,March
2022-03-31,IN,17,3,March
2022-03-31,NG,10,3,March
2022-03-31,Other,65,3,March
2022-03-31,US,19,3,March
2022-04-01,EG,7,4,April
2022-04-01,GB,4,4,April
2022-04-01,IN,28,4,April
2022-04-01,NG,2,4,April
2022-04-01,Other,64,4,April
2022-04-01,US,26,4,April
2022-04-02,EG,9,4,April
2022-04-02,GB,7,4,April
2022-04-02,IN,28,4,April
2022-04-02,NG,1,4,April
2022-04-02,Other,61,4,April
2022-04-02,US,13,4,April
2022-04-03,EG,6,4,April
2022-04-03,GB,4,4,April
2022-04-03,IN,29,4,April
2022-04-03,NG,5,4,April
2022-04-03,Other,57,4,April
2022-04-03,US,14,4,April
2022-04-04,EG,6,4,April
2022-04-04,GB,7,4,April
2022-04-04,IN,23,4,April
2022-04-04,NG,9,4,April
2022-04-04,Other,50,4,April
2022-04-04,US,25,4,April
2022-04-05,EG,6,4,April
2022-04-05,GB,4,4,April
2022-04-05,IN,27,4,April
2022-04-05,NG,4,4,April
2022-04-05,Other,56,4,April
2022-04-05,US,13,4,April
2022-04-06,EG,2,4,April
2022-04-06,GB,3,4,April
2022-04-06,IN,23,4,April
2022-04-06,NG,5,4,April
2022-04-06,Other,56,4,April
2022-04-06,US,17,4,April
2022-04-07,EG,4,4,April
2022-04-07,GB,4,4,April
2022-04-07,IN,21,4,April
2022-04-07,NG,3,4,April
2022-04-07,Other,56,4,April
2022-04-07,US,28,4,April
2022-04-08,EG,7,4,April
2022-04-08,GB,11,4,April
2022-04-08,IN,23,4,April
2022-04-08,NG,13,4,April
2022-04-08,Other,54,4,April
2022-04-08,US,26,4,April
2022-04-09,EG,8,4,April
2022-04-09,GB,6,4,April
2022-04-09,IN,15,4,April
2022-04-09,NG,7,4,April
2022-04-09,Other,47,4,April
2022-04-09,US,16,4,April
2022-04-10,EG,5,4,April
2022-04-10,GB,5,4,April
2022-04-10,IN,31,4,April
2022-04-10,NG,4,4,April
2022-04-10,Other,61,4,April
2022-04-10,US,20,4,April
2022-04-11,EG,2,4,April
2022-04-11,GB,5,4,April
2022-04-11,IN,17,4,April
2022-04-11,NG,7,4,April
2022-04-11,Other,65,4,April
2022-04-11,US,13,4,April
2022-04-12,EG,4,4,April
2022-04-12,GB,5,4,April
2022-04-12,IN,26,4,April
2022-04-12,NG,7,4,April
2022-04-12,Other,48,4,April
2022-04-12,US,17,4,April
2022-04-13,EG,10,4,April
2022-04-13,GB,6,4,April
2022-04-13,IN,15,4,April
2022-04-13,NG,3,4,April
2022-04-13,Other,68,4,April
2022-04-13,US,18,4,April
2022-04-14,EG,3,4,April
2022-04-14,GB,6,4,April
2022-04-14,IN,17,4,April
2022-04-14,NG,7,4,April
2022-04-14,Other,44,4,April
2022-04-14,US,13,4,April
2022-04-15,EG,5,4,April
2022-04-15,GB,4,4,April
2022-04-15,IN,16,4,April
2022-04-15,NG,6,4,April
2022-04-15,Other,41,4,April
2022-04-15,US,21,4,April
2022-04-16,EG,6,4,April
2022-04-16,GB,4,4,April
2022-04-16,IN,21,4,April
2022-04-16,NG,2,4,April
2022-04-16,Other,41,4,April
2022-04-16,US,13,4,April
2022-04-17,EG,2,4,April
2022-04-17,GB,5,4,April
2022-04-17,IN,14,4,April
2022-04-17,NG,2,4,April
2022-04-17,Other,43,4,April
2022-04-17,US,22,4,April
2022-04-18,EG,3,4,April
2022-04-18,GB,1,4,April
2022-04-18,IN,20,4,April
2022-04-18,NG,2,4,April
2022-04-18,Other,54,4,April
2022-04-18,US,18,4,April
2022-04-19,EG,8,4,April
2022-04-19,GB,9,4,April
2022-04-19,IN,20,4,April
2022-04-19,NG,6,4,April
2022-04-19,Other,47,4,April
2022-04-19,US,21,4,April
2022-04-20,EG,7,4,April
2022-04-20,GB,5,4,April
2022-04-20,IN,20,4,April
2022-04-20,NG,3,4,April
2022-04-20,Other,32,4,April
2022-04-20,US,15,4,April
2022-04-21,EG,14,4,April
2022-04-21,GB,2,4,April
2022-04-21,IN,26,4,April
2022-04-21,NG,4,4,April
2022-04-21,Other,53,4,April
2022-04-21,US,12,4,April
2022-04-22,EG,9,4,April
2022-04-22,GB,4,4,April
2022-04-22,IN,10,4,April
2022-04-22,NG,3,4,April
2022-04-22,Other,49,4,April
2022-04-22,US,22,4,April
2022-04-23,EG,20,4,April
2022-04-23,GB,3,4,April
2022-04-23,IN,20,4,April
2022-04-23,NG,8,4,April
2022-04-23,Other,38,4,April
2022-04-23,US,8,4,April
2022-04-24,EG,15,4,April
2022-04-24,GB,4,4,April
2022-04-24,IN,26,4,April
2022-04-24,NG,4,4,April
2022-04-24,Other,38,4,April
2022-04-24,US,18,4,April
2022-04-25,EG,8,4,April
2022-04-25,GB,8,4,April
2022-04-25,IN,19,4,April
2022-04-25,NG,7,4,April
2022-04-25,Other,42,4,April
2022-04-25,US,21,4,April
2022-04-26,EG,9,4,April
2022-04-26,GB,3,4,April
2022-04-26,IN,23,4,April
2022-04-26,NG,6,4,April
2022-04-26,Other,52,4,April
2022-04-26,US,17,4,April
2022-04-27,EG,4,4,April
2022-04-27,GB,3,4,April
2022-04-27,IN,24,4,April
2022-04-27,NG,6,4,April
2022-04-27,Other,56,4,April
2022-04-27,US,19,4,April
2022-04-28,EG,5,4,April
2022-04-28,GB,5,4,April
2022-04-28,IN,23,4,April
2022-04-28,NG,4,4,April
2022-04-28,Other,53,4,April
2022-04-28,US,14,4,April
2022-04-29,EG,9,4,April
2022-04-29,GB,3,4,April
2022-04-29,IN,36,4,April
2022-04-29,NG,1,4,April
2022-04-29,Other,44,4,April
2022-04-29,US,17,4,April
2022-04-30,EG,6,4,April
2022-04-30,GB,2,4,April
2022-04-30,IN,18,4,April
2022-04-30,NG,7,4,April
2022-04-30,Other,29,4,April
2022-04-30,US,13,4,April
2022-05-01,EG,5,5,May
2022-05-01,GB,3,5,May
2022-05-01,IN,23,5,May
2022-05-01,NG,1,5,May
2022-05-01,Other,34,5,May
2022-05-01,US,10,5,May
2022-05-02,EG,2,5,May
2022-05-02,GB,5,5,May
2022-05-02,IN,25,5,May
2022-05-02,NG,4,5,May
2022-05-02,Other,33,5,May
2022-05-02,US,18,5,May
2022-05-03,EG,14,5,May
2022-05-03,GB,8,5,May
2022-05-03,IN,14,5,May
2022-05-03,NG,5,5,May
2022-05-03,Other,39,5,May
2022-05-03,US,18,5,May
2022-05-04,EG,5,5,May
2022-05-04,GB,11,5,May
2022-05-04,IN,18,5,May
2022-05-04,NG,4,5,May
2022-05-04,Other,44,5,May
2022-05-04,US,23,5,May
2022-05-05,EG,6,5,May
2022-05-05,GB,6,5,May
2022-05-05,IN,15,5,May
2022-05-05,NG,4,5,May
2022-05-05,Other,43,5,May
2022-05-05,US,24,5,May
2022-05-06,EG,5,5,May
2022-05-06,GB,6,5,May
2022-05-06,IN,16,5,May
2022-05-06,NG,3,5,May
2022-05-06,Other,50,5,May
2022-05-06,US,21,5,May
2022-05-07,EG,6,5,May
2022-05-07,GB,5,5,May
2022-05-07,IN,19,5,May
2022-05-07,NG,3,5,May
2022-05-07,Other,32,5,May
2022-05-07,US,14,5,May
2022-05-08,EG,12,5,May
2022-05-08,GB,12,5,May
2022-05-08,IN,19,5,May
2022-05-08,NG,6,5,May
2022-05-08,Other,37,5,May
2022-05-08,US,15,5,May
2022-05-09,EG,8,5,May
2022-05-09,GB,2,5,May
2022-05-09,IN,11,5,May
2022-05-09,NG,12,5,May
2022-05-09,Other,42,5,May
2022-05-09,US,21,5,May
2022-05-10,EG,4,5,May
2022-05-10,GB,5,5,May
2022-05-10,IN,16,5,May
2022-05-10,NG,24,5,May
2022-05-10,Other,58,5,May
2022-05-10,US,20,5,May
2022-05-11,EG,6,5,May
2022-05-11,GB,9,5,May
2022-05-11,IN,25,5,May
2022-05-11,NG,16,5,May
2022-05-11,Other,59,5,May
2022-05-11,US,18,5,May
2022-05-12,EG,9,5,May
2022-05-12,GB,7,5,May
2022-05-12,IN,23,5,May
2022-05-12,NG,9,5,May
2022-05-12,Other,61,5,May
2022-05-12,US,14,5,May
2022-05-13,EG,6,5,May
2022-05-13,GB,5,5,May
2022-05-13,IN,20,5,May
2022-05-13,NG,17,5,May
2022-05-13,Other,57,5,May
2022-05-13,US,16,5,May
2022-05-14,EG,12,5,May
2022-05-14,GB,3,5,May
2022-05-14,IN,29,5,May
2022-05-14,NG,5,5,May
2022-05-14,Other,36,5,May
2022-05-14,US,22,5,May
2022-05-15,EG,7,5,May
2022-05-15,GB,2,5,May
2022-05-15,IN,19,5,May
2022-05-15,NG,5,5,May
2022-05-15,Other,42,5,May
2022-05-15,US,14,5,May
2022-05-16,EG,5,5,May
2022-05-16,GB,2,5,May
2022-05-16,IN,18,5,May
2022-05-16,NG,4,5,May
2022-05-16,Other,57,5,May
2022-05-16,US,25,5,May
2022-05-17,EG,6,5,May
2022-05-17,GB,3,5,May
2022-05-17,IN,17,5,May
2022-05-17,NG,7,5,May
2022-05-17,Other,39,5,May
2022-05-17,US,16,5,May
2022-05-18,EG,7,5,May
2022-05-18,GB,4,5,May
2022-05-18,IN,24,5,May
2022-05-18,NG,4,5,May
2022-05-18,Other,50,5,May
2022-05-18,US,21,5,May
2022-05-19,EG,1,5,May
2022-05-19,GB,6,5,May
2022-05-19,IN,24,5,May
2022-05-19,NG,12,5,May
2022-05-19,Other,49,5,May
2022-05-19,US,19,5,May
2022-05-20,EG,5,5,May
2022-05-20,GB,5,5,May
2022-05-20,IN,22,5,May
2022-05-20,NG,4,5,May
2022-05-20,Other,45,5,May
2022-05-20,US,8,5,May
2022-05-21,EG,15,5,May
2022-05-21,GB,2,5,May
2022-05-21,IN,17,5,May
2022-05-21,NG,6,5,May
2022-05-21,Other,28,5,May
2022-05-21,US,9,5,May
2022-05-22,EG,8,5,May
2022-05-22,GB,3,5,May
2022-05-22,IN,17,5,May
2022-05-22,NG,4,5,May
2022-05-22,Other,35,5,May
2022-05-22,US,9,5,May
2022-05-23,EG,10,5,May
2022-05-23,GB,6,5,May
2022-05-23,IN,21,5,May
2022-05-23,NG,4,5,May
2022-05-23,Other,57,5,May
2022-05-23,US,16,5,May
2022-05-24,EG,4,5,May
2022-05-24,IN,17,5,May
2022-05-24,NG,3,5,May
2022-05-24,Other,43,5,May
2022-05-24,US,7,5,May
2022-05-25,EG,4,5,May
2022-05-25,GB,6,5,May
2022-05-25,IN,22,5,May
2022-05-25,NG,4,5,May
2022-05-25,Other,43,5,May
2022-05-25,US,13,5,May
2022-05-26,EG,7,5,May
2022-05-26,GB,3,5,May
2022-05-26,IN,16,5,May
2022-05-26,NG,2,5,May
2022-05-26,Other,51,5,May
2022-05-26,US,13,5,May
2022-05-27,EG,5,5,May
2022-05-27,GB,1,5,May
2022-05-27,IN,22,5,May
2022-05-27,NG,2,5,May
2022-05-27,Other,37,5,May
2022-05-27,US,13,5,May
2022-05-28,EG,3,5,May
2022-05-28,GB,4,5,May
2022-05-28,IN,14,5,May
2022-05-28,NG,5,5,May
2022-05-28,Other,27,5,May
2022-05-28,US,7,5,May
2022-05-29,EG,4,5,May
2022-05-29,GB,3,5,May
2022-05-29,IN,17,5,May
2022-05-29,NG,4,5,May
2022-05-29,Other,36,5,May
2022-05-29,US,8,5,May
2022-05-30,EG,2,5,May
2022-05-30,GB,3,5,May
2022-05-30,IN,24,5,May
2022-05-30,NG,7,5,May
2022-05-30,Other,51,5,May
2022-05-30,US,11,5,May
2022-05-31,EG,1,5,May
2022-05-31,GB,3,5,May
2022-05-31,IN,25,5,May
2022-05-31,NG,3,5,May
2022-05-31,Other,52,5,May
2022-05-31,US,16,5,May
2022-06-01,EG,9,6,June
2022-06-01,GB,3,6,June
2022-06-01,IN,87,6,June
2022-06-01,NG,7,6,June
2022-06-01,Other,65,6,June
2022-06-01,US,27,6,June
2022-06-02,EG,194,6,June
2022-06-02,GB,6,6,June
2022-06-02,IN,23,6,June
2022-06-02,NG,4,6,June
2022-06-02,Other,168,6,June
2022-06-02,US,36,6,June
2022-06-03,EG,73,6,June
2022-06-03,GB,7,6,June
2022-06-03,IN,20,6,June
2022-06-03,NG,4,6,June
2022-06-03,Other,97,6,June
2022-06-03,US,24,6,June
2022-06-04,EG,26,6,June
2022-06-04,GB,7,6,June
2022-06-04,IN,14,6,June
2022-06-04,NG,7,6,June
2022-06-04,Other,48,6,June
2022-06-04,US,18,6,June
2022-06-05,EG,22,6,June
2022-06-05,GB,2,6,June
2022-06-05,IN,23,6,June
2022-06-05,NG,5,6,June
2022-06-05,Other,38,6,June
2022-06-05,US,13,6,June
2022-06-06,EG,18,6,June
2022-06-06,GB,8,6,June
2022-06-06,IN,23,6,June
2022-06-06,NG,6,6,June
2022-06-06,Other,60,6,June
2022-06-06,US,23,6,June
2022-06-07,EG,16,6,June
2022-06-07,GB,3,6,June
2022-06-07,IN,29,6,June
2022-06-07,NG,8,6,June
2022-06-07,Other,58,6,June
2022-06-07,US,19,6,June
2022-06-08,EG,13,6,June
2022-06-08,GB,7,6,June
2022-06-08,IN,26,6,June
2022-06-08,NG,3,6,June
2022-06-08,Other,69,6,June
2022-06-08,US,23,6,June
2022-06-09,EG,15,6,June
2022-06-09,GB,3,6,June
2022-06-09,IN,25,6,June
2022-06-09,NG,4,6,June
2022-06-09,Other,41,6,June
2022-06-09,US,17,6,June
2022-06-10,EG,10,6,June
2022-06-10,GB,1,6,June
2022-06-10,IN,24,6,June
2022-06-10,NG,6,6,June
2022-06-10,Other,49,6,June
2022-06-10,US,16,6,June
2022-06-11,EG,15,6,June
2022-06-11,GB,3,6,June
2022-06-11,IN,27,6,June
2022-06-11,NG,5,6,June
2022-06-11,Other,51,6,June
2022-06-11,US,12,6,June
2022-06-12,EG,11,6,June
2022-06-12,GB,4,6,June
2022-06-12,IN,15,6,June
2022-06-12,NG,4,6,June
2022-06-12,Other,39,6,June
2022-06-12,US,18,6,June
2022-06-13,EG,8,6,June
2022-06-13,GB,8,6,June
2022-06-13,IN,24,6,June
2022-06-13,NG,10,6,June
2022-06-13,Other,56,6,June
2022-06-13,US,19,6,June
2022-06-14,EG,11,6,June
2022-06-14,GB,4,6,June
2022-06-14,IN,25,6,June
2022-06-14,NG,7,6,June
2022-06-14,Other,58,6,June
2022-06-14,US,25,6,June
2022-06-15,EG,9,6,June
2022-06-15,GB,8,6,June
2022-06-15,IN,20,6,June
2022-06-15,NG,3,6,June
2022-06-15,Other,55,6,June
2022-06-15,US,18,6,June
2022-06-16,EG,12,6,June
2022-06-16,GB,6,6,June
2022-06-16,IN,22,6,June
2022-06-16,NG,11,6,June
2022-06-16,Other,53,6,June
2022-06-16,US,24,6,June
2022-06-17,EG,2,6,June
2022-06-17,GB,3,6,June
2022-06-17,IN,33,6,June
2022-06-17,NG,11,6,June
2022-06-17,Other,63,6,June
2022-06-17,US,15,6,June
2022-06-18,EG,6,6,June
2022-06-18,GB,8,6,June
2022-06-18,IN,27,6,June
2022-06-18,NG,29,6,June
2022-06-18,Other,53,6,June
2022-06-18,US,15,6,June
2022-06-19,EG,54,6,June
2022-06-19,GB,5,6,June
2022-06-19,IN,26,6,June
2022-06-19,NG,5,6,June
2022-06-19,Other,62,6,June
2022-06-19,US,17,6,June
2022-06-20,EG,33,6,June
2022-06-20,GB,7,6,June
2022-06-20,IN,37,6,June
2022-06-20,NG,10,6,June
2022-06-20,Other,77,6,June
2022-06-20,US,20,6,June
2022-06-21,EG,11,6,June
2022-06-21,GB,5,6,June
2022-06-21,IN,33,6,June
2022-06-21,NG,10,6,June
2022-06-21,Other,48,6,June
2022-06-21,US,17,6,June
2022-06-22,EG,13,6,June
2022-06-22,GB,5,6,June
2022-06-22,IN,20,6,June
2022-06-22,NG,6,6,June
2022-06-22,Other,50,6,June
2022-06-22,US,15,6,June
2022-06-23,EG,11,6,June
2022-06-23,GB,1,6,June
2022-06-23,IN,17,6,June
2022-06-23,NG,5,6,June
2022-06-23,Other,57,6,June
2022-06-23,US,19,6,June
2022-06-24,EG,8,6,June
2022-06-24,GB,8,6,June
2022-06-24,IN,27,6,June
2022-06-24,NG,4,6,June
2022-06-24,Other,46,6,June
2022-06-24,US,18,6,June
2022-06-25,EG,4,6,June
2022-06-25,GB,6,6,June
2022-06-25,IN,20,6,June
2022-06-25,NG,3,6,June
2022-06-25,Other,45,6,June
2022-06-25,US,10,6,June
2022-06-26,EG,6,6,June
2022-06-26,GB,5,6,June
2022-06-26,IN,20,6,June
2022-06-26,NG,3,6,June
2022-06-26,Other,54,6,June
2022-06-26,US,17,6,June
2022-06-27,EG,12,6,June
2022-06-27,GB,5,6,June
2022-06-27,IN,28,6,June
2022-06-27,NG,1,6,June
2022-06-27,Other,65,6,June
2022-06-27,US,16,6,June
2022-06-28,EG,5,6,June
2022-06-28,GB,2,6,June
2022-06-28,IN,29,6,June
2022-06-28,NG,4,6,June
2022-06-28,Other,56,6,June
2022-06-28,US,20,6,June
2022-06-29,EG,6,6,June
2022-06-29,GB,1,6,June
2022-06-29,IN,25,6,June
2022-06-29,NG,5,6,June
2022-06-29,Other,71,6,June
2022-06-29,US,20,6,June
2022-06-30,EG,6,6,June
2022-06-30,GB,4,6,June
2022-06-30,IN,26,6,June
2022-06-30,NG,2,6,June
2022-06-30,Other,61,6,June
2022-06-30,US,17,6,June
2022-07-01,EG,10,7,July
2022-07-01,GB,3,7,July
2022-07-01,IN,28,7,July
2022-07-01,NG,3,7,July
2022-07-01,Other,68,7,July
2022-07-01,US,15,7,July
2022-07-02,EG,8,7,July
2022-07-02,GB,3,7,July
2022-07-02,IN,44,7,July
2022-07-02,NG,3,7,July
2022-07-02,Other,46,7,July
2022-07-02,US,11,7,July
2022-07-03,EG,11,7,July
2022-07-03,GB,5,7,July
2022-07-03,IN,18,7,July
2022-07-03,NG,9,7,July
2022-07-03,Other,45,7,July
2022-07-03,US,8,7,July
2022-07-04,EG,5,7,July
2022-07-04,GB,6,7,July
2022-07-04,IN,22,7,July
2022-07-04,NG,8,7,July
2022-07-04,Other,55,7,July
2022-07-04,US,14,7,July
2022-07-05,EG,6,7,July
2022-07-05,GB,8,7,July
2022-07-05,IN,30,7,July
2022-07-05,NG,8,7,July
2022-07-05,Other,60,7,July
2022-07-05,US,15,7,July
2022-07-06,EG,2,7,July
2022-07-06,GB,6,7,July
2022-07-06,IN,36,7,July
2022-07-06,NG,2,7,July
2022-07-06,Other,58,7,July
2022-07-06,US,19,7,July
2022-07-07,EG,3,7,July
2022-07-07,GB,8,7,July
2022-07-07,IN,30,7,July
2022-07-07,NG,4,7,July
2022-07-07,Other,43,7,July
2022-07-07,US,25,7,July
2022-07-08,EG,2,7,July
2022-07-08,GB,6,7,July
2022-07-08,IN,33,7,July
2022-07-08,Other,52,7,July
2022-07-08,US,29,7,July
2022-07-09,EG,2,7,July
2022-07-09,GB,4,7,July
2022-07-09,IN,30,7,July
2022-07-09,NG,5,7,July
2022-07-09,Other,51,7,July
2022-07-09,US,16,7,July
2022-07-10,EG,7,7,July
2022-07-10,GB,7,7,July
2022-07-10,IN,28,7,July
2022-07-10,NG,2,7,July
2022-07-10,Other,40,7,July
2022-07-10,US,13,7,July
2022-07-11,EG,8,7,July
2022-07-11,GB,3,7,July
2022-07-11,IN,38,7,July
2022-07-11,NG,19,7,July
2022-07-11,Other,63,7,July
2022-07-11,US,25,7,July
2022-07-12,EG,4,7,July
2022-07-12,GB,5,7,July
2022-07-12,IN,29,7,July
2022-07-12,NG,4,7,July
2022-07-12,Other,54,7,July
2022-07-12,US,21,7,July
2022-07-13,EG,9,7,July
2022-07-13,GB,1,7,July
2022-07-13,IN,26,7,July
2022-07-13,NG,6,7,July
2022-07-13,Other,57,7,July
2022-07-13,US,14,7,July
2022-07-14,EG,14,7,July
2022-07-14,GB,3,7,July
2022-07-14,IN,30,7,July
2022-07-14,NG,2,7,July
2022-07-14,Other,58,7,July
2022-07-14,US,14,7,July
2022-07-15,EG,7,7,July
2022-07-15,GB,4,7,July
2022-07-15,IN,20,7,July
2022-07-15,NG,8,7,July
2022-07-15,Other,55,7,July
2022-07-15,US,16,7,July
2022-07-16,EG,10,7,July
2022-07-16,GB,3,7,July
2022-07-16,IN,22,7,July
2022-07-16,NG,7,7,July
2022-07-16,Other,44,7,July
2022-07-16,US,35,7,July
2022-07-17,EG,11,7,July
2022-07-17,GB,5,7,July
2022-07-17,IN,21,7,July
2022-07-17,NG,4,7,July
2022-07-17,Other,51,7,July
2022-07-17,US,15,7,July
2022-07-18,EG,8,7,July
2022-07-18,GB,8,7,July
2022-07-18,IN,21,7,July
2022-07-18,NG,2,7,July
2022-07-18,Other,48,7,July
2022-07-18,US,14,7,July
2022-07-19,EG,6,7,July
2022-07-19,GB,3,7,July
2022-07-19,IN,24,7,July
2022-07-19,Other,53,7,July
2022-07-19,US,6,7,July
2022-07-20,EG,7,7,July
2022-07-20,GB,1,7,July
2022-07-20,IN,12,7,July
2022-07-20,NG,5,7,July
2022-07-20,Other,35,7,July
2022-07-20,US,11,7,July
2022-07-21,EG,6,7,July
2022-07-21,GB,5,7,July
2022-07-21,IN,20,7,July
2022-07-21,NG,6,7,July
2022-07-21,Other,26,7,July
2022-07-21,US,11,7,July
2022-07-22,EG,2,7,July
2022-07-22,GB,3,7,July
2022-07-22,IN,14,7,July
2022-07-22,NG,1,7,July
2022-07-22,Other,50,7,July
2022-07-22,US,11,7,July
2022-07-23,EG,2,7,July
2022-07-23,GB,4,7,July
2022-07-23,IN,21,7,July
2022-07-23,NG,4,7,July
2022-07-23,Other,39,7,July
2022-07-23,US,10,7,July
2022-07-24,EG,4,7,July
2022-07-24,GB,3,7,July
2022-07-24,IN,19,7,July
2022-07-24,NG,3,7,July
2022-07-24,Other,30,7,July
2022-07-24,US,10,7,July
2022-07-25,EG,5,7,July
2022-07-25,GB,3,7,July
2022-07-25,IN,18,7,July
2022-07-25,NG,8,7,July
2022-07-25,Other,43,7,July
2022-07-25,US,13,7,July
2022-07-26,EG,6,7,July
2022-07-26,GB,4,7,July
2022-07-26,IN,26,7,July
2022-07-26,NG,6,7,July
2022-07-26,Other,51,7,July
2022-07-26,US,13,7,July
2022-07-27,EG,7,7,July
2022-07-27,GB,8,7,July
2022-07-27,IN,24,7,July
2022-07-27,NG,2,7,July
2022-07-27,Other,34,7,July
2022-07-27,US,18,7,July
2022-07-28,EG,9,7,July
2022-07-28,GB,4,7,July
2022-07-28,IN,22,7,July
2022-07-28,NG,9,7,July
2022-07-28,Other,32,7,July
2022-07-28,US,11,7,July
2022-07-29,EG,8,7,July
2022-07-29,GB,3,7,July
2022-07-29,IN,16,7,July
2022-07-29,NG,4,7,July
2022-07-29,Other,50,7,July
2022-07-29,US,18,7,July
2022-07-30,EG,8,7,July
2022-07-30,GB,10,7,July
2022-07-30,IN,19,7,July
2022-07-30,NG,4,7,July
2022-07-30,Other,85,7,July
2022-07-30,US,8,7,July
2022-07-31,EG,10,7,July
2022-07-31,GB,13,7,July
2022-07-31,IN,19,7,July
2022-07-31,NG,5,7,July
2022-07-31,Other,84,7,July
2022-07-31,US,15,7,July
2022-08-01,EG,8,8,August
2022-08-01,GB,18,8,August
2022-08-01,IN,33,8,August
2022-08-01,NG,2,8,August
2022-08-01,Other,98,8,August
2022-08-01,US,24,8,August
2022-08-02,EG,7,8,August
2022-08-02,GB,8,8,August
2022-08-02,IN,31,8,August
2022-08-02,NG,3,8,August
2022-08-02,Other,71,8,August
2022-08-02,US,20,8,August
2022-08-03,EG,7,8,August
2022-08-03,GB,7,8,August
2022-08-03,IN,21,8,August
2022-08-03,NG,8,8,August
2022-08-03,Other,78,8,August
2022-08-03,US,23,8,August
2022-08-04,EG,8,8,August
2022-08-04,GB,11,8,August
2022-08-04,IN,23,8,August
2022-08-04,NG,8,8,August
2022-08-04,Other,76,8,August
2022-08-04,US,15,8,August
2022-08-05,EG,4,8,August
2022-08-05,GB,5,8,August
2022-08-05,IN,24,8,August
2022-08-05,NG,9,8,August
2022-08-05,Other,82,8,August
2022-08-05,US,15,8,August
2022-08-06,EG,10,8,August
2022-08-06,GB,12,8,August
2022-08-06,IN,20,8,August
2022-08-06,NG,4,8,August
2022-08-06,Other,60,8,August
2022-08-06,US,21,8,August
2022-08-07,EG,10,8,August
2022-08-07,GB,8,8,August
2022-08-07,IN,18,8,August
2022-08-07,NG,10,8,August
2022-08-07,Other,73,8,August
2022-08-07,US,11,8,August
2022-08-08,EG,11,8,August
2022-08-08,GB,15,8,August
2022-08-08,IN,20,8,August
2022-08-08,NG,11,8,August
2022-08-08,Other,75,8,August
2022-08-08,US,21,8,August
2022-08-09,EG,10,8,August
2022-08-09,GB,8,8,August
2022-08-09,IN,32,8,August
2022-08-09,NG,11,8,August
2022-08-09,Other,61,8,August
2022-08-09,US,18,8,August
2022-08-10,EG,7,8,August
2022-08-10,GB,13,8,August
2022-08-10,IN,27,8,August
2022-08-10,NG,4,8,August
2022-08-10,Other,87,8,August
2022-08-10,US,18,8,August
2022-08-11,EG,27,8,August
2022-08-11,GB,9,8,August
2022-08-11,IN,48,8,August
2022-08-11,NG,11,8,August
2022-08-11,Other,108,8,August
2022-08-11,US,27,8,August
2022-08-12,EG,10,8,August
2022-08-12,GB,13,8,August
2022-08-12,IN,26,8,August
2022-08-12,NG,5,8,August
2022-08-12,Other,81,8,August
2022-08-12,US,15,8,August
2022-08-13,EG,17,8,August
2022-08-13,GB,15,8,August
2022-08-13,IN,29,8,August
2022-08-13,NG,4,8,August
2022-08-13,Other,75,8,August
2022-08-13,US,9,8,August
2022-08-14,EG,7,8,August
2022-08-14,GB,10,8,August
2022-08-14,IN,35,8,August
2022-08-14,NG,7,8,August
2022-08-14,Other,85,8,August
2022-08-14,US,17,8,August
2022-08-15,EG,233,8,August
2022-08-15,GB,20,8,August
2022-08-15,IN,105,8,August
2022-08-15,NG,17,8,August
2022-08-15,Other,303,8,August
2022-08-15,US,38,8,August
2022-08-16,EG,90,8,August
2022-08-16,GB,19,8,August
2022-08-16,IN,73,8,August
2022-08-16,NG,75,8,August
2022-08-16,Other,196,8,August
2022-08-16,US,24,8,August
2022-08-17,EG,54,8,August
2022-08-17,IN,40,8,August
2022-08-17,NG,33,8,August
2022-08-17,Other,124,8,August
2022-08-17,US,21,8,August
2022-08-18,EG,25,8,August
2022-08-18,GB,4,8,August
2022-08-18,IN,45,8,August
2022-08-18,NG,17,8,August
2022-08-18,Other,91,8,August
2022-08-18,US,21,8,August
2022-08-19,EG,18,8,August
2022-08-19,IN,25,8,August
2022-08-19,NG,7,8,August
2022-08-19,Other,62,8,August
2022-08-19,US,13,8,August
2022-08-20,EG,17,8,August
2022-08-20,GB,5,8,August
2022-08-20,IN,31,8,August
2022-08-20,NG,9,8,August
2022-08-20,Other,51,8,August
2022-08-20,US,17,8,August
2022-08-21,EG,18,8,August
2022-08-21,GB,4,8,August
2022-08-21,IN,21,8,August
2022-08-21,NG,6,8,August
2022-08-21,Other,29,8,August
2022-08-21,US,12,8,August
2022-08-22,EG,7,8,August
2022-08-22,GB,9,8,August
2022-08-22,IN,21,8,August
2022-08-22,NG,5,8,August
2022-08-22,Other,69,8,August
2022-08-22,US,14,8,August
2022-08-23,EG,8,8,August
2022-08-23,GB,9,8,August
2022-08-23,IN,31,8,August
2022-08-23,NG,2,8,August
2022-08-23,Other,68,8,August
2022-08-23,US,15,8,August
2022-08-24,EG,8,8,August
2022-08-24,GB,10,8,August
2022-08-24,IN,26,8,August
2022-08-24,NG,5,8,August
2022-08-24,Other,71,8,August
2022-08-24,US,23,8,August
2022-08-25,EG,11,8,August
2022-08-25,GB,13,8,August
2022-08-25,IN,25,8,August
2022-08-25,NG,4,8,August
2022-08-25,Other,86,8,August
2022-08-25,US,16,8,August
2022-08-26,EG,6,8,August
2022-08-26,GB,5,8,August
2022-08-26,IN,19,8,August
2022-08-26,NG,9,8,August
2022-08-26,Other,67,8,August
2022-08-26,US,8,8,August
2022-08-27,EG,11,8,August
2022-08-27,GB,11,8,August
2022-08-27,IN,28,8,August
2022-08-27,NG,2,8,August
2022-08-27,Other,59,8,August
2022-08-27,US,10,8,August
2022-08-28,EG,19,8,August
2022-08-28,GB,13,8,August
2022-08-28,IN,29,8,August
2022-08-28,NG,3,8,August
2022-08-28,Other,54,8,August
2022-08-28,US,5,8,August
2022-08-29,EG,6,8,August
2022-08-29,GB,7,8,August
2022-08-29,IN,29,8,August
2022-08-29,NG,4,8,August
2022-08-29,Other,82,8,August
2022-08-29,US,17,8,August
2022-08-30,EG,11,8,August
2022-08-30,GB,12,8,August
2022-08-30,IN,27,8,August
2022-08-30,NG,7,8,August
2022-08-30,Other,78,8,August
2022-08-30,US,24,8,August
2022-08-31,EG,7,8,August
2022-08-31,GB,12,8,August
2022-08-31,IN,34,8,August
2022-08-31,NG,6,8,August
2022-08-31,Other,65,8,August
2022-08-31,US,25,8,August
2022-09-01,EG,10,9,September
2022-09-01,GB,8,9,September
2022-09-01,IN,19,9,September
2022-09-01,NG,7,9,September
2022-09-01,Other,74,9,September
2022-09-01,US,17,9,September
2022-09-02,EG,13,9,September
2022-09-02,GB,11,9,September
2022-09-02,IN,19,9,September
2022-09-02,NG,5,9,September
2022-09-02,Other,69,9,September
2022-09-02,US,18,9,September
2022-09-03,EG,5,9,September
2022-09-03,GB,9,9,September
2022-09-03,IN,21,9,September
2022-09-03,NG,8,9,September
2022-09-03,Other,54,9,September
2022-09-03,US,9,9,September
2022-09-04,EG,15,9,September
2022-09-04,GB,11,9,September
2022-09-04,IN,17,9,September
2022-09-04,NG,2,9,September
2022-09-04,Other,47,9,September
2022-09-04,US,5,9,September
2022-09-05,EG,12,9,September
2022-09-05,GB,11,9,September
2022-09-05,IN,23,9,September
2022-09-05,NG,3,9,September
2022-09-05,Other,65,9,September
2022-09-05,US,20,9,September
2022-09-06,EG,7,9,September
2022-09-06,GB,11,9,September
2022-09-06,IN,19,9,September
2022-09-06,NG,6,9,September
2022-09-06,Other,62,9,September
2022-09-06,US,20,9,September
2022-09-07,EG,13,9,September
2022-09-07,GB,6,9,September
2022-09-07,IN,19,9,September
2022-09-07,NG,9,9,September
2022-09-07,Other,73,9,September
2022-09-07,US,15,9,September
2022-09-08,EG,9,9,September
2022-09-08,GB,8,9,September
2022-09-08,IN,12,9,September
2022-09-08,NG,2,9,September
2022-09-08,Other,69,9,September
2022-09-08,US,16,9,September
2022-09-09,EG,2,9,September
2022-09-09,GB,7,9,September
2022-09-09,IN,24,9,September
2022-09-09,NG,10,9,September
2022-09-09,Other,63,9,September
2022-09-09,US,18,9,September
2022-09-10,EG,5,9,September
2022-09-10,GB,11,9,September
2022-09-10,IN,17,9,September
2022-09-10,Other,49,9,September
2022-09-10,US,10,9,September
2022-09-11,EG,10,9,September
2022-09-11,GB,13,9,September
2022-09-11,IN,19,9,September
2022-09-11,NG,4,9,September
2022-09-11,Other,60,9,September
2022-09-11,US,18,9,September
2022-09-12,EG,4,9,September
2022-09-12,GB,8,9,September
2022-09-12,IN,23,9,September
2022-09-12,NG,4,9,September
2022-09-12,Other,71,9,September
2022-09-12,US,13,9,September
2022-09-13,EG,12,9,September
2022-09-13,GB,8,9,September
2022-09-13,IN,12,9,September
2022-09-13,NG,4,9,September
2022-09-13,Other,114,9,September
2022-09-13,US,20,9,September
2022-09-14,EG,6,9,September
2022-09-14,GB,5,9,September
2022-09-14,IN,14,9,September
2022-09-14,NG,4,9,September
2022-09-14,Other,93,9,September
2022-09-14,US,17,9,September
2022-09-15,EG,9,9,September
2022-09-15,GB,15,9,September
2022-09-15,IN,25,9,September
2022-09-15,NG,3,9,September
2022-09-15,Other,60,9,September
2022-09-15,US,12,9,September
2022-09-16,EG,8,9,September
2022-09-16,GB,6,9,September
2022-09-16,IN,17,9,September
2022-09-16,NG,3,9,September
2022-09-16,Other,63,9,September
2022-09-16,US,16,9,September
2022-09-17,EG,9,9,September
2022-09-17,GB,9,9,September
2022-09-17,IN,19,9,September
2022-09-17,NG,3,9,September
2022-09-17,Other,50,9,September
2022-09-17,US,8,9,September
2022-09-18,EG,10,9,September
2022-09-18,GB,8,9,September
2022-09-18,IN,22,9,September
2022-09-18,NG,3,9,September
2022-09-18,Other,64,9,September
2022-09-18,US,10,9,September
2022-09-19,EG,10,9,September
2022-09-19,GB,7,9,September
2022-09-19,IN,30,9,September
2022-09-19,NG,9,9,September
2022-09-19,Other,67,9,September
2022-09-19,US,11,9,September
2022-09-20,EG,5,9,September
2022-09-20,GB,2,9,September
2022-09-20,IN,22,9,September
2022-09-20,NG,9,9,September
2022-09-20,Other,49,9,September
2022-09-20,US,12,9,September
2022-09-21,EG,9,9,September
2022-09-21,GB,6,9,September
2022-09-21,IN,26,9,September
2022-09-21,NG,4,9,September
2022-09-21,Other,37,9,September
2022-09-21,US,14,9,September
2022-09-22,EG,7,9,September
2022-09-22,GB,6,9,September
2022-09-22,IN,21,9,September
2022-09-22,NG,3,9,September
2022-09-22,Other,55,9,September
2022-09-22,US,12,9,September
2022-09-23,EG,10,9,September
2022-09-23,GB,2,9,September
2022-09-23,IN,27,9,September
2022-09-23,NG,2,9,September
2022-09-23,Other,38,9,September
2022-09-23,US,10,9,September
2022-09-24,EG,7,9,September
2022-09-24,GB,1,9,September
2022-09-24,IN,24,9,September
2022-09-24,NG,4,9,September
2022-09-24,Other,30,9,September
2022-09-24,US,9,9,September
2022-09-25,EG,6,9,September
2022-09-25,GB,3,9,September
2022-09-25,IN,18,9,September
2022-09-25,NG,3,9,September
2022-09-25,Other,36,9,September
2022-09-25,US,9,9,September
2022-09-26,EG,6,9,September
2022-09-26,GB,2,9,September
2022-09-26,IN,16,9,September
2022-09-26,NG,4,9,September
2022-09-26,Other,44,9,September
2022-09-26,US,8,9,September
2022-09-27,EG,4,9,September
2022-09-27,GB,2,9,September
2022-09-27,IN,16,9,September
2022-09-27,NG,6,9,September
2022-09-27,Other,29,9,September
2022-09-27,US,7,9,September
2022-09-28,EG,3,9,September
2022-09-28,IN,29,9,September
2022-09-28,NG,2,9,September
2022-09-28,Other,48,9,September
2022-09-28,US,12,9,September
2022-09-29,EG,4,9,September
2022-09-29,GB,8,9,September
2022-09-29,IN,22,9,September
2022-09-29,NG,5,9,September
2022-09-29,Other,50,9,September
2022-09-29,US,18,9,September
2022-09-30,EG,7,9,September
2022-09-30,GB,14,9,September
2022-09-30,IN,19,9,September
2022-09-30,NG,4,9,September
2022-09-30,Other,83,9,September
2022-09-30,US,19,9,September
2022-10-01,EG,3,10,October
2022-10-01,GB,8,10,October
2022-10-01,IN,15,10,October
2022-10-01,NG,2,10,October
2022-10-01,Other,72,10,October
2022-10-01,US,15,10,October
2022-10-02,EG,5,10,October
2022-10-02,GB,17,10,October
2022-10-02,IN,14,10,October
2022-10-02,NG,8,10,October
2022-10-02,Other,76,10,October
2022-10-02,US,17,10,October
2022-10-03,EG,17,10,October
2022-10-03,GB,13,10,October
2022-10-03,IN,16,10,October
2022-10-03,NG,1,10,October
2022-10-03,Other,81,10,October
2022-10-03,US,19,10,October
2022-10-04,EG,7,10,October
2022-10-04,GB,10,10,October
2022-10-04,IN,23,10,October
2022-10-04,NG,7,10,October
2022-10-04,Other,75,10,October
2022-10-04,US,13,10,October
2022-10-05,EG,3,10,October
2022-10-05,GB,12,10,October
2022-10-05,IN,20,10,October
2022-10-05,NG,6,10,October
2022-10-05,Other,86,10,October
2022-10-05,US,21,10,October
2022-10-06,EG,10,10,October
2022-10-06,GB,13,10,October
2022-10-06,IN,23,10,October
2022-10-06,NG,7,10,October
2022-10-06,Other,76,10,October
2022-10-06,US,16,10,October
2022-10-07,EG,8,10,October
2022-10-07,GB,15,10,October
2022-10-07,IN,22,10,October
2022-10-07,NG,7,10,October
2022-10-07,Other,60,10,October
2022-10-07,US,15,10,October
2022-10-08,EG,7,10,October
2022-10-08,GB,11,10,October
2022-10-08,IN,29,10,October
2022-10-08,NG,2,10,October
2022-10-08,Other,71,10,October
2022-10-08,US,12,10,October
2022-10-09,EG,9,10,October
2022-10-09,GB,13,10,October
2022-10-09,IN,26,10,October
2022-10-09,NG,4,10,October
2022-10-09,Other,51,10,October
2022-10-09,US,12,10,October
2022-10-10,EG,9,10,October
2022-10-10,GB,18,10,October
2022-10-10,IN,34,10,October
2022-10-10,NG,8,10,October
2022-10-10,Other,82,10,October
2022-10-10,US,13,10,October
2022-10-11,EG,7,10,October
2022-10-11,GB,8,10,October
2022-10-11,IN,25,10,October
2022-10-11,NG,6,10,October
2022-10-11,Other,70,10,October
2022-10-11,US,9,10,October
2022-10-12,EG,4,10,October
2022-10-12,GB,12,10,October
2022-10-12,IN,19,10,October
2022-10-12,NG,8,10,October
2022-10-12,Other,88,10,October
2022-10-12,US,14,10,October
2022-10-13,EG,6,10,October
2022-10-13,GB,12,10,October
2022-10-13,IN,18,10,October
2022-10-13,NG,5,10,October
2022-10-13,Other,81,10,October
2022-10-13,US,18,10,October
2022-10-14,EG,13,10,October
2022-10-14,GB,19,10,October
2022-10-14,IN,16,10,October
2022-10-14,NG,8,10,October
2022-10-14,Other,61,10,October
2022-10-14,US,13,10,October
2022-10-15,EG,3,10,October
2022-10-15,GB,10,10,October
2022-10-15,IN,14,10,October
2022-10-15,NG,2,10,October
2022-10-15,Other,66,10,October
2022-10-15,US,11,10,October
2022-10-16,EG,3,10,October
2022-10-16,GB,14,10,October
2022-10-16,IN,23,10,October
2022-10-16,NG,2,10,October
2022-10-16,Other,58,10,October
2022-10-16,US,12,10,October
2022-10-17,EG,3,10,October
2022-10-17,GB,14,10,October
2022-10-17,IN,21,10,October
2022-10-17,NG,4,10,October
2022-10-17,Other,69,10,October
2022-10-17,US,9,10,October
2022-10-18,EG,5,10,October
2022-10-18,GB,16,10,October
2022-10-18,IN,21,10,October
2022-10-18,NG,4,10,October
2022-10-18,Other,74,10,October
2022-10-18,US,22,10,October
2022-10-19,EG,4,10,October
2022-10-19,GB,13,10,October
2022-10-19,IN,16,10,October
2022-10-19,NG,3,10,October
2022-10-19,Other,64,10,October
2022-10-19,US,21,10,October
2022-10-20,EG,6,10,October
2022-10-20,GB,10,10,October
2022-10-20,IN,25,10,October
2022-10-20,NG,1,10,October
2022-10-20,Other,69,10,October
2022-10-20,US,14,10,October
